-1.689000904994642838e+00,-1.701918226240193066e+00,-1.658494390681511499e+00,8.625206096241420095e-01,8.735012164785203037e-01,7.821676455844459586e-01,-2.628341022288553375e-01,-2.736356462100197340e-01,-2.166059704372469419e-01,-1.108538781286297348e-02,3.710594482882689782e-03,-1.016497363411822397e-02,1.007275412538453652e-01,9.861814747448610641e-02,1.033228508601201356e-01
-1.183745915811794447e+00,-1.122895591432017559e+00,-1.057209040274825096e+00,2.872183837980301635e-01,2.203058065306612578e-01,1.611825831398439601e-01,-1.221552217185908340e-01,-1.117263845212934925e-01,-1.155811248600534663e-01,-7.128482681827624096e-03,-2.361128813965301942e-02,-1.785241640382810233e-02,2.590915265095929121e-02,3.800302469972396957e-02,2.952225994913015156e-02
-1.380322410651574572e+00,-1.381759638059381956e+00,-1.344208889643057736e+00,2.943921511783524347e-01,3.161880934527122045e-01,3.097822426774327620e-01,7.161879916901384147e-02,4.060577228511843412e-02,-1.247131503500036043e-02,-1.353030039329787826e-01,-1.238844896506300086e-01,-9.261584078509471629e-02,1.498386976668665271e-01,1.489979677760603360e-01,1.396100820914535634e-01
-1.332062229354351368e+00,-1.123070346669238662e+00,-9.667708123094388428e-01,3.278816783814998970e-01,-2.116243277748633064e-02,-1.760587727177994333e-01,1.542818283892716247e-02,1.241199561217666419e-01,7.291709500494809870e-02,-1.266710714610830291e-01,-4.632654379434199277e-02,4.936213719733895111e-02,1.155481013133836943e-01,6.654415296389902534e-02,2.064145897259310122e-02
-1.357642229613624130e+00,-1.330455977427662528e+00,-1.255371365872443246e+00,3.525500713929490271e-01,3.009019903442214927e-01,2.067598486542860658e-01,3.109497395114688145e-02,1.283968750323385630e-02,7.312905314234147136e-03,-1.148915406558587565e-01,-5.975082328614048088e-02,-3.415148376377241668e-02,8.901480109493754844e-02,7.656118347972126759e-02,7.552618638405918239e-02
-1.240928269538261519e+00,-1.171342587986880845e+00,-1.084127142985269687e+00,1.859525887921268106e-01,1.162399304029916869e-01,5.088575009577285535e-02,1.224114270955465045e-01,9.249442621197648262e-02,4.557572877629666175e-02,-8.603376293298260757e-02,-4.455926345420080370e-02,-1.628540389020717571e-02,1.868848625755031856e-02,7.239200047949598607e-03,4.006879527855679822e-03
-1.101027241039160831e+00,-1.100877552112070168e+00,-1.088529885532021790e+00,1.000786104334294851e-01,1.056361624090762091e-01,1.167490235783531782e-01,3.585184045199894115e-02,3.996589620067210469e-02,2.466970109955866908e-02,-7.057533384742478710e-02,-8.786329434533785010e-02,-8.426805696222003372e-02,3.586900901449784768e-02,4.331245514722618234e-02,3.152140924769079866e-02
-1.088061708088771340e+00,-1.062089570961129992e+00,-1.011380560327655331e+00,6.302466939108039568e-02,5.623203379485904735e-02,1.727381144670209548e-02,-3.182479338228270255e-02,-3.842812610715415356e-02,-2.943692853634862980e-02,-1.029816039418066376e-01,-1.321923781661821506e-01,-1.590291226393450719e-01,1.600040977498221884e-01,1.766178193989368372e-01,1.826860920109128206e-01
-1.202676588721518280e+00,-1.184331254430469826e+00,-1.157900147982309447e+00,1.967277163018616160e-01,2.097398555030137723e-01,2.123565558795367791e-01,6.186611185162780441e-02,1.870033544703461267e-02,-3.237511527218785851e-02,-1.941506288802993252e-01,-2.160178457072821079e-01,-1.884354871193115732e-01,1.383083798985934865e-01,1.719663056420990821e-01,1.663988792297723673e-01
-1.331212719939316669e+00,-1.323460936919892861e+00,-1.290997999493237680e+00,2.775304986453784317e-01,2.612284746068613828e-01,2.236653657232741677e-01,2.835597350083591400e-02,5.193056177460404765e-02,7.505969501381426490e-02,-8.284616197834410167e-03,-5.162039184507069556e-02,-1.010880352975079832e-01,3.372210693038205781e-02,6.200410014283963545e-02,9.341621558891699539e-02
-1.726763954436662640e+00,-1.767311280377293459e+00,-1.767849423669588971e+00,8.637023422089528113e-01,9.044627639325926172e-01,8.831054249359611141e-01,-5.948859652531018893e-02,-4.184757435200550657e-02,-9.454851362477340038e-03,-1.811200804279502474e-01,-2.114042425334347330e-01,-2.246631403822905437e-01,1.039841777906079928e-01,1.163735065140227010e-01,1.190901349624571420e-01
-1.423642414804600520e+00,-1.438464701499845511e+00,-1.422943901239346554e+00,4.611627804942086128e-01,4.743224384277898720e-01,4.533911137150848369e-01,-1.116026220311769485e-01,-1.144960401715835185e-01,-1.134816296839184363e-01,6.016700420357638107e-02,5.991710158216000809e-02,6.934851880467371443e-02,1.407630786583265355e-02,1.884969311936252750e-02,1.377977790889303895e-02
-9.353485355354311803e-01,-9.389916868995334953e-01,-9.463887604476723947e-01,-1.838668668930074079e-02,-2.131471827553809567e-03,2.138215376368704859e-02,-1.014221611873799417e-01,-9.774296356093686855e-02,-9.433146728041957862e-02,4.214429858558799147e-03,9.495950482767294420e-03,8.990936425964209805e-03,5.107252104863842929e-02,2.948652972750618814e-02,1.045063053045505209e-02
-1.338646382475012775e+00,-1.292115448595244187e+00,-1.195490905042153384e+00,3.593200130167094053e-01,3.051203710937453462e-01,1.918541513062268500e-01,1.058181803775183616e-03,-4.855995427061312458e-02,-5.345609373464235009e-02,-1.528830601716081594e-01,-5.202162722519258764e-02,-1.332659812023158363e-02,1.312814730790110296e-01,8.767716045285789406e-02,7.049744188577954096e-02
-9.732999347309368998e-01,-9.282948803139045024e-01,-8.803022389668337944e-01,-8.800333448935371283e-02,-9.981871180128641663e-02,-9.437190147248317174e-02,-4.158126504036276788e-02,-8.600987200303518432e-02,-1.194058645569498617e-01,-3.174075088089393926e-02,2.740044149966161524e-03,2.304410190317125740e-02,1.347043488431803049e-01,1.114449851383685353e-01,7.108459292483464143e-02
-1.325849713908762828e+00,-1.328789326830659423e+00,-1.288736005872197721e+00,3.517304368375659962e-01,3.545077928920093990e-01,3.060904189109268647e-01,-8.178682896800822111e-02,-8.985461119946602793e-02,-9.183464332975377342e-02,-9.266669342967527589e-02,-7.816114526583055333e-02,-3.886378840011051050e-02,1.487146617203978505e-01,1.424156529358418799e-01,1.134424033222924122e-01
-1.157530726214706984e+00,-1.105123232334984884e+00,-1.036413601869015766e+00,7.990275221038449505e-02,9.610473021439500801e-03,-4.544728964638031221e-02,4.574458544934243559e-03,2.106039176565598081e-02,8.983588634418719632e-03,3.437549011669029791e-02,5.213644705171459337e-02,6.865553849273903220e-02,3.887130431020639071e-02,2.247920527537887805e-02,4.353996978139165752e-03
-1.384971826192209932e+00,-1.412203799809025551e+00,-1.408814430416940766e+00,4.536193483705246998e-01,4.652406725818201694e-01,4.493720097740099839e-01,-8.290423779641523105e-02,-6.186844209629446811e-02,-5.234694085110538908e-02,-2.665004116681636281e-01,-2.450265997357360392e-01,-1.950189138300438274e-01,2.808748579318587346e-01,2.539526229885890052e-01,2.068807162085441187e-01
-1.509236086465130633e+00,-1.537093475569401679e+00,-1.542131289296389873e+00,6.043507731626994728e-01,6.340146256566974170e-01,6.345216172477159411e-01,-1.383836166218161134e-01,-1.325748408261969158e-01,-1.226785704401599508e-01,-4.537376990929645193e-02,-5.534243384036724445e-02,-5.294631792570204942e-02,8.881556579220008241e-02,9.113753974502347699e-02,8.334451633555493844e-02
-1.491671445181550704e+00,-1.456939280269981873e+00,-1.376986753075142511e+00,5.823568379289452146e-01,5.315229208913858638e-01,4.305132470730287375e-01,-1.996297962424974926e-01,-2.044062320596923832e-01,-1.908164870588486550e-01,1.193396048224534545e-01,1.339441383971716470e-01,1.251434334941486926e-01,-1.021842048530573373e-02,-3.975645202342729251e-03,1.226595452799289498e-02
-1.684919513405727765e+00,-1.651798212558408308e+00,-1.554842100812255712e+00,8.702868034630610872e-01,8.451840313170020380e-01,6.991541025596932357e-01,-1.761531798193951281e-01,-2.138852605738753021e-01,-1.720826303795220391e-01,-1.030826051499487556e-01,-8.676496010758333322e-02,-8.627826658481166366e-02,9.400585394105850923e-02,1.073889913199536084e-01,1.141474595178983975e-01
-1.638090787615980259e+00,-1.644490297816731061e+00,-1.596372753755113338e+00,6.353358679751691662e-01,6.476868029597380172e-01,5.708070712760716647e-01,3.097036983907085206e-02,2.716287893120937491e-02,7.129679855695988944e-02,-1.394335918934175300e-03,-2.826136857041379458e-02,-7.212232896405944282e-02,-2.659512951137394873e-02,-1.910956979936331412e-03,2.652322509758950342e-02
-1.456485305261789653e+00,-1.476818492860849652e+00,-1.461502143803168563e+00,3.862033762482372512e-01,4.096780145971923859e-01,4.110178503527567306e-01,1.301700517902587007e-01,1.377460358899743886e-01,1.306644912197296726e-01,-1.960051085005815596e-01,-2.002824090536027002e-01,-1.991711895327164805e-01,1.362814517782860724e-01,1.298009265860447514e-01,1.190804947097304223e-01
-1.162842558302343621e+00,-1.119457249536961241e+00,-1.059822381387802714e+00,1.549926391073906673e-01,8.847501945414071312e-02,2.423740977392297921e-02,4.550215214840113570e-02,5.746767970767478056e-02,5.311918527042092109e-02,-1.458837206298989053e-01,-1.279537697741527646e-01,-1.082519606978922522e-01,1.083167446837099424e-01,1.015378616752431185e-01,9.077469204222922416e-02
-1.200500208773844557e+00,-1.163420147628150936e+00,-1.114339691226435614e+00,1.986568408422367260e-01,1.493546582231721487e-01,1.050169202895358533e-01,4.658760392311585286e-02,4.195342983852497210e-02,1.847651194871273786e-02,-9.138252240645219904e-02,-5.626046325092468048e-02,-2.474179119757885514e-02,4.672773952707097445e-02,2.844225009349170968e-02,1.564202775250148753e-02
-1.590940866423515843e+00,-1.585419790710363541e+00,-1.549570802882403342e+00,5.997335770374029318e-01,5.936853381571123300e-01,5.491859550830113790e-01,1.557970552349549065e-01,1.541110794962384511e-01,1.479541663330856682e-01,-3.231396537868171381e-01,-3.649783517279033274e-01,-3.852430493900610431e-01,1.587598405500085796e-01,2.027742226229904965e-01,2.378067291854260301e-01
-1.044828080250734148e+00,-1.035188510013602015e+00,-1.060351143392868289e+00,-1.119079196345147131e-01,-9.543566364740020680e-02,-3.111096455570942776e-03,1.500905662416194067e-02,-7.346966273620332555e-02,-1.984551077468567903e-01,-1.009612339457750529e-01,-1.915534292415504991e-02,9.839355440035618683e-02,2.430993437208008867e-01,2.235619389046816230e-01,1.637349649074776869e-01
-1.650941306841166467e+00,-1.620554965043429441e+00,-1.570254138539270983e+00,7.506448418362421382e-01,7.039857589276775629e-01,6.368381719051251499e-01,-1.566640296476000394e-01,-1.642572212560238221e-01,-1.761140742602669562e-01,7.514879321048884009e-03,3.929131716168951516e-02,7.575359272829348956e-02,4.980206477661829750e-02,4.184943992771020943e-02,3.402619419377680282e-02
-1.615157299360099996e+00,-1.610325675502765286e+00,-1.546827878159829250e+00,7.116199732046404325e-01,6.684232189098707755e-01,5.334009644880997048e-01,-7.332790069114913933e-02,-2.752705013621006835e-02,5.282756445873190709e-02,-1.221252422761809342e-01,-1.316410157761347399e-01,-1.409073812345144894e-01,9.922356196345628876e-02,1.012665307798922276e-01,1.016672255727176927e-01
-1.192760221431267809e+00,-1.197039659217355112e+00,-1.189144459233032247e+00,1.446673023196674568e-01,1.590143850912267565e-01,1.671998210313601352e-01,1.973621007063162958e-02,-2.113245288502364067e-03,-1.657105779252224936e-02,-3.541668943812990855e-03,-2.260495881722554556e-02,-3.992759894645306340e-02,3.198991932087240364e-02,6.281558368828378536e-02,7.849861902341907782e-02
-1.603063885759953955e+00,-1.625849806934254183e+00,-1.615018492947704276e+00,6.707434633772618726e-01,7.016743235704510084e-01,6.789398562154447259e-01,-3.168112471101580674e-02,-4.704150165841775033e-02,-4.450650656856122711e-02,-2.528999573771719134e-01,-2.412592572784841849e-01,-2.171648703976061523e-01,2.171533526091359856e-01,2.126754567260510931e-01,1.978928335382636738e-01
-1.035909891969603480e+00,-1.029829053585590515e+00,-9.840192822791578031e-01,1.923604226266383346e-02,4.030089390808824085e-02,3.680523095626330853e-03,1.497470465900057821e-02,-2.112699755552225472e-02,-1.989087302885869310e-02,5.203150778327449849e-02,4.662844747884795082e-02,1.873564821271641798e-02,-5.018533124180576954e-02,-3.584612908712248719e-02,-1.839284248537348745e-02
-1.243087808982709319e+00,-1.234940491263863738e+00,-1.218969707149374804e+00,2.064502688516323958e-01,1.868630546628432532e-01,1.715204131564601331e-01,1.376629440823615852e-02,5.355440648832988926e-02,9.463258694729922982e-02,-1.213377090861201130e-01,-2.142759963411791091e-01,-2.992995906560128594e-01,1.443220419678127864e-01,2.088894788512503931e-01,2.521904511946213567e-01
-1.492540390028181507e+00,-1.493638033588312375e+00,-1.477731673028259696e+00,6.127324529474168502e-01,6.104329881476440178e-01,5.791590662241038467e-01,-2.321818189225813289e-01,-2.340093572473268269e-01,-2.154383687957783788e-01,-1.856097122888858419e-02,-4.403129579082382117e-02,-6.659265216551543687e-02,1.307651655793268808e-01,1.614242610585545912e-01,1.807359243396298165e-01
-1.237871063795758175e+00,-1.219633432768240100e+00,-1.171434564597210182e+00,1.928918859514322237e-01,1.344181437102935639e-01,1.054411478995334328e-01,1.903698260397282752e-02,1.149975472401125742e-01,1.175241605803284545e-01,-8.109401854845377233e-02,-1.022308763568139101e-01,-8.651137522787877288e-02,1.071314376079979119e-01,7.251709197330924450e-02,3.503305002009979296e-02
-1.282656578842041872e+00,-1.254831554422877860e+00,-1.210193897124507867e+00,3.178639600122416531e-01,2.543452295709566213e-01,1.752527253452023648e-01,-2.480327959870595386e-02,1.082934023892867872e-02,4.417637132679989864e-02,-1.829793473433011242e-02,-2.897049162279192319e-02,-3.257500983496722236e-02,7.997414540060381397e-03,1.871350782296492959e-02,2.340502670642856387e-02
-1.286610365694627500e+00,-1.284918326496347296e+00,-1.274353633160534072e+00,2.373236631773363858e-01,2.052019596547981495e-01,1.942629207695431015e-01,8.669535015277128609e-02,1.656509411207461313e-01,2.097326970007239166e-01,-9.400638645181332020e-02,-1.704167644274932614e-01,-2.452720396379706180e-01,5.670627507176701637e-02,8.455871512447116212e-02,1.156823594050624265e-01
-1.159892363580968144e+00,-1.125895475637071597e+00,-1.071916907737126223e+00,1.263125547277690885e-01,9.286975017862172943e-02,5.750493588833185260e-02,6.954091671733048097e-02,5.619930402362516286e-02,2.767629925658612530e-02,-7.839027350892889545e-02,-6.332546781698387972e-02,-4.488950736200612163e-02,4.257332910787271080e-02,4.027623440330036636e-02,3.172614408695027116e-02
-1.101820390759134849e+00,-1.072787290100769564e+00,-1.048781798826073697e+00,-9.837447932190501731e-02,-1.349138930413189552e-01,-1.497373171162242889e-01,3.033978605955142127e-01,3.218940291801343223e-01,3.317386069252074021e-01,-1.232315107933909804e-01,-1.241186283699723530e-01,-1.394208040730426368e-01,2.016498827399759372e-02,1.004598298500546799e-02,6.302979857814377043e-03
-1.173248659511976655e+00,-1.126862687846351019e+00,-1.061925199217748528e+00,1.295505079651370073e-01,9.332551614454703826e-02,5.651814097766596351e-02,9.353252829335106933e-02,5.833086485142021521e-02,1.200800279357705502e-02,-7.226355667456868526e-02,-4.450390609662915886e-02,-2.140412779743358987e-02,2.252286966415927016e-02,1.978796848919293569e-02,1.486725380424994830e-02
-1.162842558302343621e+00,-1.119457249536961241e+00,-1.059822381387802714e+00,1.549926391073906673e-01,8.847501945414071312e-02,2.423740977392297921e-02,4.550215214840113570e-02,5.746767970767478056e-02,5.311918527042092109e-02,-1.458837206298989053e-01,-1.279537697741527646e-01,-1.082519606978922522e-01,1.083167446837099424e-01,1.015378616752431185e-01,9.077469204222922416e-02
-1.413143085849885017e+00,-1.356176631172445912e+00,-1.243541243494439730e+00,2.269951659763848884e-01,1.705593765175187071e-01,3.948433214865963020e-02,6.838313612557142540e-02,5.912330369410678799e-02,1.137799426309020617e-01,1.804715440596847964e-01,1.511538302140406631e-01,4.284868386571177856e-02,-6.231158543594248617e-02,-2.432077719097837029e-02,4.770734445749374303e-02
-1.382485698890748571e+00,-1.384684845897331762e+00,-1.348996012977977665e+00,3.707944205534447479e-01,3.374879705444545075e-01,2.424642706578073736e-01,-5.161017102022025932e-02,2.009736903488166040e-02,1.368678378129256912e-01,5.163319489488812919e-02,1.464238615344760908e-03,-9.166619266378418784e-02,1.182476020031806262e-02,2.575564418761674274e-02,6.141490738773022762e-02
-1.321127307346291246e+00,-1.261944881231294335e+00,-1.138117552457972081e+00,3.321813778497304526e-01,2.253185866263220372e-01,6.833417980770947753e-02,-8.734381684233932797e-03,4.756036496483820319e-02,7.166164204363134616e-02,-1.219467081311153694e-01,-1.456905843614811902e-01,-1.332317392144258816e-01,1.197198796115860470e-01,1.348407921528063103e-01,1.314319151110250605e-01
-1.255918169803452500e+00,-1.229445507097361778e+00,-1.169402632670928366e+00,1.773635757725538220e-01,1.342790670795158403e-01,7.216278051494393053e-02,1.273440912881103892e-01,1.097511211727764668e-01,7.187622758811908208e-02,-1.463965798911442406e-01,-1.064117988263999504e-01,-3.765357879024169158e-02,9.772204674878517960e-02,9.192210676003749470e-02,6.309018282785559817e-02
-1.453793594709783532e+00,-1.466057884180011373e+00,-1.445039248499462303e+00,4.560170453467753404e-01,4.434546918661902426e-01,3.821769024673667414e-01,-1.757722957017521931e-02,9.200720901637274296e-03,6.757920887877613692e-02,-8.734872344791140553e-02,-9.944445766398571362e-02,-1.296040150987119721e-01,1.028625915411921499e-01,1.129789226872684876e-01,1.249841408612253346e-01
-1.631743613594778042e+00,-1.657914875011509359e+00,-1.647217850205054512e+00,7.376412939077421349e-01,7.828961760130649372e-01,7.632826625107729246e-01,-1.258526426234302109e-01,-1.534365220581446476e-01,-1.437018948633581872e-01,-4.268250766465959967e-02,-4.175167840445087597e-02,-5.106598045653851226e-02,6.288293466129074583e-02,7.041243941100126802e-02,7.886686387509858620e-02
-8.349415815956833242e-01,-8.104344852390020781e-01,-7.637165772686435039e-01,-4.887135337299222670e-02,-8.658921496937703466e-02,-1.287624691760474727e-01,-1.039720573916970425e-01,-1.131583361843304797e-01,-1.205416458762242488e-01,-1.535793194862576372e-01,-1.255949591115302078e-01,-1.045775532511543371e-01,1.415772090641583270e-01,1.359624441102651737e-01,1.177659754690927874e-01
-1.494784385746947608e+00,-1.510975625926931354e+00,-1.483210583540697458e+00,4.698373324717183830e-01,4.936369967784852153e-01,4.593908612796721025e-01,8.847039872313441911e-02,7.843198940218357174e-02,7.321672487194318124e-02,-1.795653508073171978e-01,-1.887499821656780374e-01,-1.827268881643316634e-01,1.162124037815519539e-01,1.277914014741607929e-01,1.334275649347783088e-01
-1.532821446152978551e+00,-1.522663432982441112e+00,-1.486093995903964737e+00,5.694267562410484373e-01,5.528901418017729830e-01,5.068019707183893940e-01,-1.073149724062097687e-01,-9.983392167181460997e-02,-9.192114736422020427e-02,-4.756926808704500798e-03,-2.692117030062141092e-02,-4.284077979484149368e-02,7.568032730333058844e-02,9.669617872599978181e-02,1.141764468014592887e-01
-1.299741426592913252e+00,-1.274497702071285765e+00,-1.241573498943690401e+00,2.140362154675250206e-01,1.641531802652491656e-01,1.268193606271164897e-01,1.042249870141223889e-01,1.077056208978903334e-01,8.593556785717916535e-02,-7.507467867536997408e-02,-3.830597706214918657e-02,-7.270389076073087431e-03,5.668031413625321951e-02,4.103657132595892737e-02,3.615415752277732070e-02
-1.666493674712178796e+00,-1.671995438686552538e+00,-1.632148861109860016e+00,7.328529177627697289e-01,7.454491539288016222e-01,6.889311776051925129e-01,-7.336262987694766591e-02,-1.121148785097430822e-01,-1.258364558307280001e-01,-4.630423296855434856e-02,-1.700113772757730346e-02,8.972020258453547448e-03,5.358129984525988182e-02,5.587920140427423549e-02,6.023968392799051302e-02
-1.517927444185333874e+00,-1.538564687823708033e+00,-1.512087238219620433e+00,6.074120788618984079e-01,6.335650952397346991e-01,5.710837962420223235e-01,-1.258302446861896962e-01,-1.262322035875116100e-01,-6.148595672035075954e-02,-1.055048199415033194e-01,-1.020099765143176740e-01,-1.284682098434588859e-01,1.420544956582132645e-01,1.334032940339988094e-01,1.310812272343798712e-01
-1.285596100274719378e+00,-1.246159775146951310e+00,-1.195578837609348355e+00,3.188865230832220177e-01,2.197954077968649333e-01,1.330776364079139795e-01,-4.607959962509767388e-02,2.605394133499112919e-02,5.565296349298406303e-02,-1.416513853658503685e-01,-1.769363654814093412e-01,-1.620478891976769309e-01,1.545640624993041834e-01,1.773439690194315299e-01,1.689711078663375388e-01
-9.866312060428686914e-01,-9.387157487216819529e-01,-8.921005953827536583e-01,-6.763723039074753807e-02,-1.045721573529848764e-01,-1.135286363485421973e-01,1.904575557991286527e-02,-2.002265865819953181e-02,-6.062419070702645268e-02,-1.188115615565056571e-01,-7.426455713093013666e-02,-3.878258940307698077e-02,1.541027943548730905e-01,1.376327688343430833e-01,1.050827686728234983e-01
-1.569954573518287155e+00,-1.578243405706748481e+00,-1.550416516514687704e+00,6.672764469975061008e-01,6.750422794031841756e-01,6.319691344374327446e-01,-1.644614344901439706e-01,-1.599275528533455615e-01,-1.365185817414398539e-01,8.110360255587083234e-02,5.862495573492047807e-02,2.417301787841252131e-02,-1.377160048893675236e-02,4.663165273236726145e-03,3.092074299349890920e-02
-1.516237162827292817e+00,-1.477379035608105351e+00,-1.369066292128299445e+00,6.059010316922691652e-01,5.551398967137982643e-01,4.236637526628141415e-01,1.754751404476674603e-02,4.176619920876416259e-02,4.802167939192328316e-02,-2.642715650655827475e-01,-3.133283078847932668e-01,-2.946798229100403566e-01,1.571835364740325758e-01,1.938976846864550185e-01,1.921297410396926308e-01
-1.333976030281661229e+00,-1.264892650766131554e+00,-1.139499218695216864e+00,3.256876191820033961e-01,2.190787596871540954e-01,9.129189598072116885e-02,8.271711544504976865e-02,7.453938196901750690e-02,2.938872173539772495e-02,-1.528600935873992706e-01,-7.822988008256986925e-02,-1.664461720635521114e-02,7.852125189784134318e-02,4.958745468909634552e-02,3.554445403659101804e-02
-1.386200256559195099e+00,-1.381651475367968063e+00,-1.367081663962637084e+00,4.271725251092831632e-01,4.054399529775504218e-01,3.808568503935226279e-01,-6.029194296047288987e-02,-4.484647820364297960e-02,-2.545933270455424946e-02,-6.130055389630621743e-02,-7.423421729356452503e-02,-9.828760034677527790e-02,8.074574243164028831e-02,9.538232090301450306e-02,1.100326467553299908e-01
-1.076677463683150426e+00,-1.061264720736192047e+00,-1.044504025564070515e+00,6.918532388099667141e-02,2.787378225553965513e-02,6.550604833686499845e-03,1.781236975264853875e-02,4.509999360220191128e-03,-1.322054352670373745e-02,-8.203244412939347807e-02,-2.346393929069272299e-02,2.368640342641177565e-02,7.180486095462065843e-02,5.242810134783824211e-02,2.755396263339667320e-02
-1.321667914950393374e+00,-1.295434625645507820e+00,-1.257353235415594073e+00,2.112596383170206038e-01,2.036338081507661490e-01,1.924583249429012988e-01,1.406689675734028311e-01,1.023787892895696994e-01,5.899008959155165044e-02,-8.568843562105446510e-02,-1.185704249925285392e-01,-1.315836979392435990e-01,5.559585465038648089e-02,1.081240036848809399e-01,1.375769493055982173e-01
-1.292900343802856566e+00,-1.277237710441148533e+00,-1.258192154928439388e+00,1.611952126149847064e-01,1.486670341943775453e-01,1.630482345472426542e-01,1.635844944628051800e-01,1.645297129559667726e-01,1.337274110040701236e-01,-5.633541281316245541e-02,-7.089112450027718060e-02,-9.249645475811030249e-02,2.457117674572863175e-02,3.501125624147477522e-02,5.396577337762679949e-02
-1.741992734043801505e+00,-1.742726370172484440e+00,-1.716710681268234895e+00,8.897686249796699087e-01,8.766151218056482675e-01,8.153929320722002050e-01,-1.146677632302793987e-01,-1.069217011690016955e-01,-7.607696964549469365e-02,-1.485995521126304286e-01,-1.367821631615853684e-01,-1.245165381927019616e-01,1.158165318370110580e-01,1.100789670357171096e-01,1.021016335989673035e-01
-1.410760114560076994e+00,-1.321950177786292091e+00,-1.164312491743437539e+00,3.935302042791777866e-01,1.443162754263399850e-01,-1.524566331299740396e-01,-2.285264723216630378e-02,2.205518350947835160e-01,3.627543710140685995e-01,-6.208295723706007407e-02,-1.599963574226390128e-01,-1.195222004863578380e-01,1.023284149069338678e-01,1.172223191343167298e-01,7.365756009536689186e-02
-9.713487476488604777e-01,-9.684844376171595215e-01,-9.427734650304412378e-01,-1.318493380776953605e-01,-8.469468168088785387e-02,-5.501529295158875260e-02,1.171820055771917446e-01,9.220746947192487442e-02,5.710917272052110083e-02,-5.069507456527189149e-02,-8.211900648909772893e-02,-9.290137830103700756e-02,3.706979722263425286e-02,4.339362709313011879e-02,3.381322009976347326e-02
-1.182785713358010860e+00,-1.172615587162214368e+00,-1.147842484801107954e+00,2.348004973411942781e-02,1.867385889019045758e-02,1.980603754422355714e-02,7.244378358992888123e-02,6.828564926467456386e-02,4.711139673175060438e-02,-2.411175602510515215e-03,-1.372964435046726550e-02,-1.668907111768114238e-02,8.943454569095150852e-02,9.951630501674818552e-02,9.770297513288678237e-02
-1.286017030209882783e+00,-1.285790245862103109e+00,-1.267108272176654893e+00,1.966287104348257986e-01,1.897394936658943487e-01,1.863377358096311720e-01,6.256159234283867332e-02,9.181765421481566380e-03,-5.077064778222820096e-02,-1.251510595452358654e-01,-2.787332426656918827e-02,2.918990056092127250e-02,1.521746598718470844e-01,1.149140068758816718e-01,1.024847576209786115e-01
-1.591799907326304719e+00,-1.617540738400470746e+00,-1.586788517090650830e+00,6.052415063878761048e-01,6.201045892292601502e-01,5.608705058055433179e-01,-5.197573051426255392e-02,-4.722194861464334287e-02,-4.647452205714218409e-02,-6.071148529542494399e-02,-2.559229013509449480e-02,3.837839172145871003e-02,9.951635819949043726e-02,7.046241754276762193e-02,3.416901642249162152e-02
-1.344358982524012980e+00,-1.340714063419484292e+00,-1.318950402860987525e+00,3.703670630907147099e-01,3.755019770761727216e-01,3.662705614454316305e-01,4.650516419898961806e-02,3.851627428137871512e-02,2.056484229923847412e-02,-2.121213368435361513e-01,-2.265373147759490724e-01,-2.130229659902219408e-01,1.397279482804320572e-01,1.533163175346512475e-01,1.451951882748742373e-01
-1.719127935512152483e+00,-1.671801326203702143e+00,-1.559436910549550914e+00,8.178801733932851148e-01,7.279348047876708083e-01,5.281515837603593111e-01,-1.283517954074963885e-01,-5.203822919158184596e-02,8.340382054965228553e-02,2.867082366892553108e-02,-5.398379616167234968e-02,-1.606364389835246431e-01,1.233362272637665699e-03,5.015198281619590720e-02,1.087350446531907683e-01
-1.282656578842041872e+00,-1.254831554422877860e+00,-1.210193897124507867e+00,3.178639600122416531e-01,2.543452295709566213e-01,1.752527253452023648e-01,-2.480327959870595386e-02,1.082934023892867872e-02,4.417637132679989864e-02,-1.829793473433011242e-02,-2.897049162279192319e-02,-3.257500983496722236e-02,7.997414540060381397e-03,1.871350782296492959e-02,2.340502670642856387e-02
-1.101027241039160831e+00,-1.100877552112070168e+00,-1.088529885532021790e+00,1.000786104334294851e-01,1.056361624090762091e-01,1.167490235783531782e-01,3.585184045199894115e-02,3.996589620067210469e-02,2.466970109955866908e-02,-7.057533384742478710e-02,-8.786329434533785010e-02,-8.426805696222003372e-02,3.586900901449784768e-02,4.331245514722618234e-02,3.152140924769079866e-02
-1.200500208773844557e+00,-1.163420147628150936e+00,-1.114339691226435614e+00,1.986568408422367260e-01,1.493546582231721487e-01,1.050169202895358533e-01,4.658760392311585286e-02,4.195342983852497210e-02,1.847651194871273786e-02,-9.138252240645219904e-02,-5.626046325092468048e-02,-2.474179119757885514e-02,4.672773952707097445e-02,2.844225009349170968e-02,1.564202775250148753e-02
-1.453441223420852024e+00,-1.479977383480524322e+00,-1.490837230018243087e+00,3.308524124101612229e-01,3.972114775231775363e-01,4.493101170771511277e-01,8.154678124661433880e-02,3.353473530174895523e-02,-2.286692079733591842e-02,-1.028512736521777354e-01,-1.064732986077073507e-01,-8.840861407286551565e-02,1.441380091885578474e-01,1.558999334232461231e-01,1.529360044504720628e-01
-1.286017030209882783e+00,-1.285790245862103109e+00,-1.267108272176654893e+00,1.966287104348257986e-01,1.897394936658943487e-01,1.863377358096311720e-01,6.256159234283867332e-02,9.181765421481566380e-03,-5.077064778222820096e-02,-1.251510595452358654e-01,-2.787332426656918827e-02,2.918990056092127250e-02,1.521746598718470844e-01,1.149140068758816718e-01,1.024847576209786115e-01
-1.231673677949009171e+00,-1.207338828981762813e+00,-1.165391669790795781e+00,1.950309221379784019e-01,1.452926729997702227e-01,9.836101759068668904e-02,5.035779954637963074e-02,4.553296720944272069e-02,3.259248789240427879e-02,-1.627278925857824909e-01,-1.075060420653681792e-01,-6.252355283562857635e-02,1.491202783267506216e-01,1.241100160200188096e-01,9.703729214929082691e-02
-1.256825269818041102e+00,-1.247496743327770385e+00,-1.216146520596113945e+00,3.179998277506692617e-01,2.610557021026927993e-01,1.896165891023603167e-01,-4.944985315359404915e-02,4.802431871602973190e-03,5.685287205388306342e-02,-1.460832317874578012e-01,-1.223393178686878469e-01,-8.465035706619275513e-02,1.344537863618746054e-01,1.040453687401891453e-01,5.437616850493763587e-02
-1.589948420286716679e+00,-1.619180735422278472e+00,-1.618764470586329551e+00,6.574845708698594526e-01,7.062014735072825733e-01,7.181675959810797094e-01,-1.375629818745344735e-01,-1.371933684230168260e-01,-1.271404263243927080e-01,3.553325060359360105e-02,-1.265261592511852939e-02,-6.668726635305997907e-02,3.472200487003045816e-02,6.299336013363700248e-02,9.454536267856070153e-02
-1.400641639839421027e+00,-1.398788192826820653e+00,-1.376651214792780076e+00,4.170955851059172659e-01,3.947866271241660119e-01,3.582257476721502631e-01,-3.829864200829602439e-02,-1.802377349482515295e-02,4.880748310928773037e-03,9.933240117549958781e-03,-2.366189873846168829e-02,-6.522288601802800345e-02,1.203977141304178947e-02,4.578498496729786760e-02,7.884300264033566874e-02
-1.054500961939570880e+00,-9.941184552086991255e-01,-9.442864916693169963e-01,3.249959110927430617e-02,-2.506418656366973807e-02,-5.363784321421438683e-02,9.046525315847861459e-02,1.146573637182844996e-01,1.161159256675769746e-01,-1.494792709812780007e-01,-1.929568773889809852e-01,-2.074667128105049108e-01,8.111209409172762119e-02,9.756086696818155879e-02,8.933586690527486884e-02
-1.326595187968198974e+00,-1.318865415055265444e+00,-1.252332418869530173e+00,3.522456420050804060e-01,3.475253402049164331e-01,2.565460814775659681e-01,-1.434145752534837781e-02,-1.423458629190846314e-02,9.911338377750777279e-03,-1.897781163175630836e-01,-1.958808844437338881e-01,-1.684139600794407887e-01,1.785755359793722019e-01,1.815388528014983960e-01,1.543487254266136255e-01
-1.634047658804109737e+00,-1.616856848045032047e+00,-1.573094237062087508e+00,6.531298390763299322e-01,6.134821076563926612e-01,5.426207769597208852e-01,-5.622580079622162275e-02,-4.966325968118494305e-02,-4.338746067560059899e-02,-9.556297046314374266e-02,-6.317604152767375414e-02,-2.342346841826470349e-02,1.330969574689292723e-01,1.165184768468671417e-01,9.750880065933213714e-02
-1.650941306841166467e+00,-1.620554965043429441e+00,-1.570254138539270983e+00,7.506448418362421382e-01,7.039857589276775629e-01,6.368381719051251499e-01,-1.566640296476000394e-01,-1.642572212560238221e-01,-1.761140742602669562e-01,7.514879321048884009e-03,3.929131716168951516e-02,7.575359272829348956e-02,4.980206477661829750e-02,4.184943992771020943e-02,3.402619419377680282e-02
-1.316048015579074582e+00,-1.328620187797969754e+00,-1.338598714004985979e+00,2.808174934477420948e-01,2.910279687436711504e-01,3.115808652150061642e-01,5.219998159032171459e-02,5.293578580856673349e-02,5.310115273851834239e-02,-1.568500727846712239e-01,-1.841986108716584247e-01,-2.174956115146811642e-01,1.399956731279039246e-01,1.689433079657643444e-01,1.914769190545365929e-01
-1.010949726595772313e+00,-9.690880759723171645e-01,-9.299688676288053735e-01,-7.686295679862482910e-02,-9.205005952471288777e-02,-9.209828403893631499e-02,-5.181077736209963730e-03,3.014858515172076474e-04,1.623024595765423100e-02,1.327879596485609381e-01,9.150455246014832511e-02,3.949059714257644599e-02,-3.964606752194747147e-02,-3.055105815292336741e-02,-3.356893346325047489e-02
-9.877280655278650734e-01,-9.682278828704182772e-01,-9.468080941308346654e-01,-4.064660875421801517e-02,-3.280367445951262034e-02,-9.962250487714409408e-03,6.336727012981099860e-02,5.228049091212880889e-02,3.409653839022935146e-02,-1.642459718565192350e-01,-1.531777382705342971e-01,-1.282440840097739121e-01,1.293152370890035818e-01,1.019769680686937463e-01,5.095668255625111775e-02
-1.056857213342212498e+00,-1.043581973624274184e+00,-1.027448704426188852e+00,1.679523859362775512e-02,-7.844926167875306000e-03,-1.357446871495159718e-02,1.343643406784024441e-01,1.425938193872010318e-01,1.310366284264887493e-01,-3.108370581636968888e-01,-2.456446479540047856e-01,-1.844557474130983921e-01,2.166159293442648237e-01,1.545490563479781088e-01,9.449988112238663640e-02
-1.281960170725195303e+00,-1.247882167297080125e+00,-1.162130144856786229e+00,2.206518391829487002e-01,1.452785927999797333e-01,3.233893839744870352e-02,5.125065906068768107e-02,1.196251831170822566e-01,1.409932508293101627e-01,-5.770053903554429181e-02,-1.181342980005949672e-01,-1.176776262946435114e-01,6.786385211989205690e-02,1.012024017098832468e-01,1.065525430506287230e-01
-1.054500961939570880e+00,-9.941184552086991255e-01,-9.442864916693169963e-01,3.249959110927430617e-02,-2.506418656366973807e-02,-5.363784321421438683e-02,9.046525315847861459e-02,1.146573637182844996e-01,1.161159256675769746e-01,-1.494792709812780007e-01,-1.929568773889809852e-01,-2.074667128105049108e-01,8.111209409172762119e-02,9.756086696818155879e-02,8.933586690527486884e-02
-1.174385270081591770e+00,-1.204620882829603667e+00,-1.205880177222673710e+00,-1.421631303736546614e-02,1.084435298194568881e-01,1.985138928150503024e-01,1.124776882868890188e-01,3.429104201052057127e-02,-2.995389259248945613e-02,-2.878354274057655371e-02,-4.748337732991338156e-02,-6.468517933917652951e-02,1.051765001394624754e-01,1.095847523997962869e-01,1.021662213157501914e-01
-1.523654052455132968e+00,-1.532612509641926080e+00,-1.523849932444076405e+00,5.373123878227986649e-01,5.181996848756518226e-01,4.792428324328619760e-01,-5.070480229745102235e-02,-1.081532783964622713e-02,4.075623174852868735e-02,-4.287069180081530539e-02,-5.262720595100797705e-02,-7.801899499145156791e-02,8.014615602348945655e-02,7.803390554405251200e-02,8.199829974961475587e-02
-1.481516589444953569e+00,-1.505572010586897491e+00,-1.516706362256363239e+00,6.053240825670127556e-01,6.242229917129140659e-01,6.202929951429709821e-01,-1.810178864868756954e-01,-1.579721560083949539e-01,-1.163713460252923243e-01,-6.518623993644200032e-02,-1.038779500928898730e-01,-1.368060054512649781e-01,1.225624856763872506e-01,1.433373128270822583e-01,1.496955657436864762e-01
-1.202737691417702148e+00,-1.221240646821044606e+00,-1.229326621915048934e+00,1.645939653523098845e-01,2.337673923274519727e-01,2.789355407893220340e-01,1.861641266702000752e-01,1.248717067159085259e-01,8.936260318526975666e-02,-3.089876672870868202e-01,-3.229332961631660726e-01,-3.282234930681293128e-01,1.612260959504212277e-01,1.857712965995512444e-01,1.894341340647510974e-01
-1.149278091825902237e+00,-1.122388549495392462e+00,-1.093423269349781402e+00,6.610461274445565694e-02,3.736864439291064793e-02,8.974110047230386689e-03,8.624617342409623966e-02,8.124307183371175245e-02,7.551412161030986170e-02,-1.557183138212131501e-01,-1.417888441773628994e-01,-1.262438120604597869e-01,1.528938299338237772e-01,1.457736732530554302e-01,1.353491389162551350e-01
-1.651446808222917895e+00,-1.604818012304457087e+00,-1.482088905057767692e+00,7.247256622665061432e-01,6.280030853506851640e-01,4.171912448312068977e-01,4.197824939026638391e-02,5.488080700285988267e-02,9.376311566596892688e-02,-2.887739553353137478e-01,-2.368253602145505565e-01,-1.526067439993304409e-01,1.737109831665071547e-01,1.589317091019871453e-01,1.238790496954227660e-01
-1.415358267702045314e+00,-1.306299740079445160e+00,-1.170607508009175790e+00,4.186165596966328617e-01,2.690717671125854582e-01,1.414971521509627850e-01,1.512631990327117405e-02,4.984396590163974600e-02,2.033543781610062592e-02,-6.236722167632933328e-02,-6.090979180621003408e-02,-3.657261825618921686e-02,4.413095169414143343e-02,4.841569125252555283e-02,4.545903265841373664e-02
-1.608512809914256048e+00,-1.606766891166763633e+00,-1.547286863930753986e+00,6.890581898018259821e-01,6.904181288826890528e-01,6.041772282155251084e-01,-1.161821174896058434e-01,-1.105234566557903031e-01,-6.677904292669419040e-02,6.030824785501112673e-02,1.568202700350734835e-02,-4.456616200009373696e-02,-2.445416219869819829e-02,1.137082584863213612e-02,5.459511772979482730e-02
-1.301520188911557740e+00,-1.229594281730663097e+00,-1.130015998480190520e+00,3.364741987258018652e-01,2.501886849458670459e-01,1.420202658459426281e-01,-5.132271566506046295e-02,1.832340963005177348e-03,2.749733636980260243e-02,-8.885795521137207498e-02,-1.293340874589428979e-01,-1.253771989393847597e-01,1.053406692140324563e-01,1.069854636558486144e-01,8.593722137278410333e-02
-9.981688139130124870e-01,-9.297176648411682454e-01,-8.450447469902148123e-01,-7.392378553776521311e-02,-1.167811821027938818e-01,-1.833768190526421649e-01,7.556915665840882590e-02,-7.585740069301454003e-03,-2.445736368985323289e-02,-1.645944043754738739e-01,-8.483629462014255496e-02,-8.351235072842730367e-02,1.612832978121730154e-01,1.390719076033657131e-01,1.365237749706857684e-01
-1.667584251234010218e+00,-1.651747270828392011e+00,-1.622539907909752888e+00,8.008537427304525114e-01,7.522093675435169713e-01,6.704601060324465456e-01,-1.470667779640827122e-01,-1.180048107255767809e-01,-4.693779532303786473e-02,-5.886682093976934593e-02,-6.020335939881527043e-02,-9.040842247678504418e-02,7.287450867648824493e-02,7.793185669191958487e-02,8.957717147717883521e-02
-1.540984690395251100e+00,-1.508644751173218612e+00,-1.445099430320697209e+00,6.757401087911421023e-01,6.108708189733595972e-01,4.962343772956820942e-01,-2.611075722614862871e-01,-2.234420015954893812e-01,-1.602198605738822390e-01,3.751187820671914031e-02,2.794087465897870937e-02,1.278397926457511269e-02,8.910431937202586972e-02,9.347483659170183201e-02,9.644348107850889140e-02
-1.646606277842267874e+00,-1.661928906811275475e+00,-1.645186823957684563e+00,7.096346314506292163e-01,7.170318534182142933e-01,6.917622676381900426e-01,-2.078863771898992879e-02,1.730542073429532091e-02,3.932177931543415217e-02,-1.138434763990059106e-01,-1.584664836984822078e-01,-1.791979866217278117e-01,7.180225825012021001e-02,8.621188647719266185e-02,9.341577612940989150e-02
-1.397719387513520539e+00,-1.376934546896816158e+00,-1.314837624198302635e+00,3.277754373683797184e-01,3.038857437804871053e-01,2.329279297885580302e-01,1.285674198061356743e-01,1.083624560222362920e-01,8.886967749501378799e-02,-1.238626645483685007e-01,-1.228955769408364707e-01,-1.112580203646211657e-01,6.536428343099251470e-02,8.769136540423892734e-02,1.043860909112522550e-01
-1.151576767134611101e+00,-1.129134131144543751e+00,-1.086957597783118734e+00,2.538443031883214421e-02,-1.025126989546498203e-02,-4.570277106178997212e-02,1.104522166678181400e-01,1.439678393216115293e-01,1.587869636422947206e-01,2.063553860698458947e-02,8.655217502478110975e-04,-7.743767289117492458e-03,-4.769859895243287046e-03,-5.345344317604783756e-03,-1.830698905914481672e-02
-1.346906052350398175e+00,-1.296613843258799470e+00,-1.205792592604367552e+00,4.049610198883946688e-01,3.295725965112722977e-01,2.344204673017019624e-01,-5.110512434233683426e-02,-3.723077676918322421e-02,-5.635369505951065561e-02,-1.086064580195323231e-01,-9.077737708247030080e-02,-5.214197679846649391e-02,1.017764890160100244e-01,9.514904978806855429e-02,7.994753802624628147e-02
-1.650490805995484811e+00,-1.655984390189552791e+00,-1.643786799252502373e+00,7.494766940027853819e-01,7.445050044375770559e-01,7.149148897257903146e-01,-1.819439827365815776e-01,-1.733790782869930047e-01,-1.481623863505617256e-01,7.378266335168681689e-02,6.852761916631804062e-02,4.523432824875250197e-02,9.451796189502368814e-03,1.655790738994852851e-02,3.197767688051098012e-02
-1.309673726168560925e+00,-1.305878203613926702e+00,-1.278769085420074614e+00,2.629573003562055145e-01,2.301067541660381799e-01,1.941844204920508132e-01,6.495531447007231451e-02,1.019846131194472733e-01,1.046176432092302544e-01,-1.167804855315123791e-01,-1.072956739260868542e-01,-7.030035451750608899e-02,9.865914371637810043e-02,8.116960737527792458e-02,5.033145263741374553e-02
-1.396947429685160946e+00,-1.420445727856247231e+00,-1.421622733537964978e+00,3.955712179146951835e-01,4.074466671110306693e-01,3.996925796700890321e-01,-1.286105920303751149e-02,-2.191719735881683673e-03,6.072767841993266524e-03,-1.458451359433695638e-01,-1.237356751161330926e-01,-1.012649742780547119e-01,1.602545802605648273e-01,1.390723562021848325e-01,1.172351484483825645e-01
-1.217795769063861222e+00,-1.186781812267643010e+00,-1.138806868334832911e+00,2.440547342869991421e-01,2.150886954055528377e-01,1.713076038408182233e-01,-1.262678412727675781e-01,-1.222546718501368451e-01,-1.090048610182084432e-01,8.539721191215324247e-02,1.012319687830602610e-01,1.054010930886539743e-01,1.479005813080798773e-02,-7.135663791988932324e-03,-2.877541434032842779e-02
-1.482809578203147849e+00,-1.427325471112681265e+00,-1.324367249179947637e+00,5.183180827614339847e-01,4.346099357534584096e-01,3.187154999232680863e-01,-7.326562195644659159e-02,-8.371085612340858906e-02,-1.208454380132836514e-01,-7.982334802053162037e-02,-2.161574810700291061e-02,4.450212974312692249e-02,1.177692092312413175e-01,9.818996013394747091e-02,8.210910628617963669e-02
-1.240928269538261519e+00,-1.171342587986880845e+00,-1.084127142985269687e+00,1.859525887921268106e-01,1.162399304029916869e-01,5.088575009577285535e-02,1.224114270955465045e-01,9.249442621197648262e-02,4.557572877629666175e-02,-8.603376293298260757e-02,-4.455926345420080370e-02,-1.628540389020717571e-02,1.868848625755031856e-02,7.239200047949598607e-03,4.006879527855679822e-03
-1.181540474641833871e+00,-1.162817169791081406e+00,-1.136295636778845708e+00,3.719519027074558171e-02,1.467115308095960982e-02,3.174083549761098910e-03,1.391426159218225322e-01,1.473779111141092502e-01,1.352897494592467664e-01,-1.372042064091209546e-01,-1.548644719510670620e-01,-1.710540819286057723e-01,1.426679215474349338e-01,1.558543783095659163e-01,1.690511276098302929e-01
-1.343199420334082905e+00,-1.345339430557784821e+00,-1.343685719252339927e+00,3.477784887593553531e-01,3.488372994363717061e-01,3.539007989047994185e-01,-2.456879201017937719e-02,-1.642796555302539555e-02,-2.201499691566498329e-02,-2.596287163718258295e-02,-7.515911117796336693e-02,-1.090295816617327385e-01,4.608249134291318022e-02,8.819592303953618928e-02,1.209132404773077263e-01
-1.482264744594717465e+00,-1.486440625534753091e+00,-1.462480376142065941e+00,5.434361339330657792e-01,5.345029468060117361e-01,4.977970890611579935e-01,-1.188318336874928105e-01,-1.162745603295951141e-01,-1.266622836803237562e-01,1.648542452405243885e-02,2.062530040860588443e-02,4.413196816311101833e-02,4.133952409968229269e-02,4.771774696682515304e-02,4.731396549577573246e-02
-1.113014526269277882e+00,-1.110322947348885148e+00,-1.086368058624827215e+00,1.938737557116044022e-02,3.762940181609363693e-02,5.765404534849218054e-02,1.997989850934987072e-02,8.401883913436009738e-03,-1.204806135423715750e-02,2.616830884920172406e-02,1.373600484153892493e-02,-1.615159188733975709e-02,4.768662738639856818e-02,5.072489747555675860e-02,5.704734417874774560e-02
-1.413064778470533467e+00,-1.391512939318145792e+00,-1.345527792474993323e+00,4.171418809888212120e-01,3.581083202884522421e-01,2.797158762954478628e-01,9.157027682453183770e-02,1.127032485931052930e-01,1.261643292112727133e-01,-1.367178257950925624e-01,-1.326901838204157524e-01,-1.171559309668229187e-01,4.117267745542513291e-02,5.347346853794560095e-02,5.686691339060592765e-02
-1.343957711095927099e+00,-1.327300675225469018e+00,-1.287258702404751265e+00,3.024970704713493275e-01,2.853034116492669803e-01,2.372364797424100225e-01,-2.149622247053933205e-03,-7.391169261925720213e-04,1.901537931875803278e-02,-3.631008650124513404e-02,-6.728896707360024210e-02,-1.082007894628950334e-01,8.007261000981970300e-02,1.101474963433581589e-01,1.392982979083234873e-01
-1.389269091880027007e+00,-1.377640057230955062e+00,-1.336918604609145023e+00,3.936871538855312158e-01,3.883923785214668523e-01,3.707455514126531404e-01,-1.249311263798880134e-02,-4.162668953858045251e-02,-1.159964067712814101e-01,-1.694470455764899852e-01,-1.623329533849967032e-01,-9.741350705311288549e-02,1.777202234026283023e-01,1.933644110095274760e-01,1.796984076571358224e-01
-1.453919784724340580e+00,-1.443778010110327248e+00,-1.418208133706100549e+00,4.442678698127106030e-01,4.408025050463728056e-01,4.303059525657247364e-01,-1.577087311207212364e-02,-3.737270981498871936e-02,-5.862055723280186481e-02,5.295523212940420055e-02,4.406792110549543479e-02,1.385208124412672798e-02,-2.734485360898733855e-02,-3.585826171688543014e-03,3.276637343560379056e-02
-1.014742736190820560e+00,-9.795053343193206308e-01,-9.369148699141987002e-01,-4.837917542652350050e-02,-5.161614751631406206e-02,-6.202940443598833897e-02,-2.799475194185365237e-02,-5.393069007370607237e-02,-6.676334051245337575e-02,-8.199835352157795743e-02,-7.619828666295062891e-02,-7.890352907657874337e-02,1.732293268329170022e-01,1.613433889372717922e-01,1.446804532108674213e-01
-1.149278091825902237e+00,-1.122388549495392462e+00,-1.093423269349781402e+00,6.610461274445565694e-02,3.736864439291064793e-02,8.974110047230386689e-03,8.624617342409623966e-02,8.124307183371175245e-02,7.551412161030986170e-02,-1.557183138212131501e-01,-1.417888441773628994e-01,-1.262438120604597869e-01,1.528938299338237772e-01,1.457736732530554302e-01,1.353491389162551350e-01
-1.158789849149918672e+00,-1.136661500825325355e+00,-1.105307718208888401e+00,-9.607035797068227273e-03,-2.636307415251428962e-02,-2.847779588440707901e-02,1.291388174040756509e-01,1.347824172287842015e-01,1.063098041207613947e-01,-9.300532385477033870e-02,-1.070853324513848376e-01,-1.184189761225056814e-01,1.327516406706693297e-01,1.357628839923590569e-01,1.462019442509039924e-01
-1.404770991227023869e+00,-1.393047520381714977e+00,-1.370408843839749702e+00,3.903599835053586653e-01,3.718265093199946691e-01,3.409889781198580661e-01,-5.896707096968346884e-02,-6.533224482339874961e-02,-5.716042694277342906e-02,4.550915100756647985e-02,3.491127233810288610e-02,-2.990272770463264784e-03,2.809343124052835622e-02,5.180983706573092512e-02,8.969117922445923874e-02
-1.533041955078424001e+00,-1.515002751739706222e+00,-1.476233284393290157e+00,5.649293866939290032e-01,5.508082422513256304e-01,5.199956470258874086e-01,-2.749305323471162160e-02,-3.365613754395851281e-02,-5.271333773250137800e-02,-6.797292483740527413e-02,-6.226841836954551124e-02,-3.552313899240978207e-02,6.389797890659333623e-02,6.039747740956413063e-02,4.468271477048077478e-02
-8.991198114167917588e-01,-8.644654325290208607e-01,-8.221496733402406942e-01,-8.652252018912776066e-02,-7.547607572486579597e-02,-7.599125007220756955e-02,6.325485578749883570e-03,-4.083050940291854669e-02,-7.182326569175682962e-02,-1.734276378911045191e-01,-1.584943616874862071e-01,-1.363549735963441312e-01,1.528096440150953084e-01,1.393178792466853166e-01,1.063642651536800127e-01
-1.065407743051031364e+00,-1.074691429739740967e+00,-1.074836894094680195e+00,5.286912507132412314e-02,8.154246393819518379e-02,1.129541176963730631e-01,3.120630801011487626e-02,-5.518682729914712454e-03,-4.754250171216021364e-02,-1.507886815459989482e-01,-1.244779646146710606e-01,-9.506275402320564505e-02,1.321851601145994093e-01,1.231996144276772120e-01,1.045371587824056592e-01
